{
  "10": {
    "Start": 1.0,
    "End": 0.5623763203620911
  },
  "01": {
    "Start": 1.0,
    "End": 1.176316499710083
  },
  "02": {
    "Start": 0.0,
    "End": 0.02970418706536293
  },
  "11": {
    "Start": 0.0,
    "End": 0.3944519758224487
  },
  "20": {
    "Start": 0.0,
    "End": 0.2252081334590912
  },
  "12": {
    "Start": 0.0,
    "End": 0.01329193171113729
  },
  "03": {
    "Start": 0.0,
    "End": 0.01749245077371597
  },
  "21": {
    "Start": 0.0,
    "End": 0.0
  },
  "30": {
    "Start": 0.0,
    "End": 0.04746521264314651
  },
  "04": {
    "Start": 0.0,
    "End": 0.01198877673596144
  },
  "13": {
    "Start": 0.0,
    "End": 0.01070824265480042
  },
  "40": {
    "Start": 0.0,
    "End": 0.02048720046877861
  },
  "22": {
    "Start": 0.0,
    "End": 0.04293922707438469
  },
  "31": {
    "Start": 0.0,
    "End": 0.06686583161354065
  }
}