{
  "10": {
    "Start": 1.0,
    "End": 0.6771615147590637
  },
  "01": {
    "Start": 1.0,
    "End": 0.6590926647186279
  },
  "02": {
    "Start": 0.0,
    "End": 0.2541572749614716
  },
  "20": {
    "Start": 0.0,
    "End": 0.1543730050325394
  },
  "11": {
    "Start": 0.0,
    "End": 0.2569635808467865
  },
  "21": {
    "Start": 0.0,
    "End": 0.04211149737238884
  },
  "12": {
    "Start": 0.0,
    "End": 0.01901697181165218
  },
  "30": {
    "Start": 0.0,
    "End": 0.06644592434167862
  },
  "03": {
    "Start": 0.0,
    "End": 0.02328277565538883
  },
  "40": {
    "Start": 0.0,
    "End": 0.04285413026809692
  },
  "13": {
    "Start": 0.0,
    "End": 0.02720379456877708
  },
  "04": {
    "Start": 0.0,
    "End": 0.03704769909381866
  },
  "22": {
    "Start": 0.0,
    "End": 0.04962323233485222
  },
  "31": {
    "Start": 0.0,
    "End": 0.03004936128854752
  }
}