{
  "10": {
    "Start": 1.0,
    "End": 1.239666342735291
  },
  "01": {
    "Start": 1.0,
    "End": 0.5108881592750549
  },
  "02": {
    "Start": 0.0,
    "End": 0.1479976624250412
  },
  "20": {
    "Start": 0.0,
    "End": 0.0
  },
  "11": {
    "Start": 0.0,
    "End": 0.3584742248058319
  },
  "12": {
    "Start": 0.0,
    "End": 0.09408910572528839
  },
  "21": {
    "Start": 0.0,
    "End": 0.0
  },
  "03": {
    "Start": 0.0,
    "End": 0.06242499873042107
  },
  "30": {
    "Start": 0.0,
    "End": 0.0
  },
  "22": {
    "Start": 0.0,
    "End": 0.1024726778268814
  },
  "40": {
    "Start": 0.0,
    "End": 0.0
  },
  "13": {
    "Start": 0.0,
    "End": 0.04681631177663803
  },
  "31": {
    "Start": 0.0,
    "End": 0.0
  },
  "04": {
    "Start": 0.0,
    "End": 0.01444730442017317
  }
}