{
  "10": {
    "Start": 1.0,
    "End": 0.8978505730628967
  },
  "01": {
    "Start": 1.0,
    "End": 1.948075652122498
  },
  "20": {
    "Start": 0.0,
    "End": 0.2942419052124023
  },
  "11": {
    "Start": 0.0,
    "End": 0.0
  },
  "02": {
    "Start": 0.0,
    "End": 0.0
  },
  "30": {
    "Start": 0.0,
    "End": 0.0
  },
  "12": {
    "Start": 0.0,
    "End": 0.0
  },
  "03": {
    "Start": 0.0,
    "End": 0.0
  },
  "21": {
    "Start": 0.0,
    "End": 0.0
  },
  "40": {
    "Start": 0.0,
    "End": 0.1154358610510826
  },
  "22": {
    "Start": 0.0,
    "End": 0.0
  },
  "31": {
    "Start": 0.0,
    "End": 0.0
  },
  "13": {
    "Start": 0.0,
    "End": 0.0
  },
  "04": {
    "Start": 0.0,
    "End": 0.0
  }
}