{
  "10": {
    "Start": 1.0,
    "End": 0.6470669507980347
  },
  "01": {
    "Start": 1.0,
    "End": 0.6862445473670959
  },
  "02": {
    "Start": 0.0,
    "End": 0.3787605464458466
  },
  "11": {
    "Start": 0.0,
    "End": 0.1006845980882645
  },
  "20": {
    "Start": 0.0,
    "End": 0.2259385138750076
  },
  "12": {
    "Start": 0.0,
    "End": 0.06534067541360855
  },
  "03": {
    "Start": 0.0,
    "End": 0.0
  },
  "30": {
    "Start": 0.0,
    "End": 0.07689731568098068
  },
  "21": {
    "Start": 0.0,
    "End": 0.05425777286291122
  },
  "04": {
    "Start": 0.0,
    "End": 0.0
  },
  "22": {
    "Start": 0.0,
    "End": 0.02206020802259445
  },
  "13": {
    "Start": 0.0,
    "End": 0.04583325982093811
  },
  "31": {
    "Start": 0.0,
    "End": 0.02647372893989086
  },
  "40": {
    "Start": 0.0,
    "End": 0.04098284989595413
  }
}